run_id,point_id,r_fb,rleak,pass,tran_maxstep,membrane_maxima,spike_counts,spike_maxima,first_spike_times_ns,raw_dir,result_file,spectre_log,ocean_log
20260202_215026,rfb_600_rleak_5M,600,5M,PASS,100p,"0.647, 1.011, 1.242, 0.756","spike0=15 spike1=15 spike2=15 spike3=15","1.047, 1.269, 0.814, 1.798","9.925, 12.567, 13.417, 13.795","/home/v71349/analog-gradients/results/neuro_tile4_coupled/sweeps/20260202_215026/rfb_600_rleak_5M/neuro_tile4_coupled.raw","/home/v71349/analog-gradients/results/neuro_tile4_coupled/sweeps/20260202_215026/rfb_600_rleak_5M/neuro_tile4_coupled_test.txt","/home/v71349/analog-gradients/results/neuro_tile4_coupled/sweeps/20260202_215026/rfb_600_rleak_5M/spectre.log","/home/v71349/analog-gradients/results/neuro_tile4_coupled/sweeps/20260202_215026/rfb_600_rleak_5M/ocean.log"
20260202_215026,rfb_600_rleak_6M,600,6M,PASS,100p,"0.647, 1.011, 1.242, 0.757","spike0=15 spike1=15 spike2=15 spike3=15","1.047, 1.269, 0.814, 1.798","9.926, 12.568, 13.416, 13.793","/home/v71349/analog-gradients/results/neuro_tile4_coupled/sweeps/20260202_215026/rfb_600_rleak_6M/neuro_tile4_coupled.raw","/home/v71349/analog-gradients/results/neuro_tile4_coupled/sweeps/20260202_215026/rfb_600_rleak_6M/neuro_tile4_coupled_test.txt","/home/v71349/analog-gradients/results/neuro_tile4_coupled/sweeps/20260202_215026/rfb_600_rleak_6M/spectre.log","/home/v71349/analog-gradients/results/neuro_tile4_coupled/sweeps/20260202_215026/rfb_600_rleak_6M/ocean.log"
20260202_215026,rfb_600_rleak_7M,600,7M,PASS,100p,"0.647, 1.012, 1.243, 0.757","spike0=15 spike1=15 spike2=15 spike3=15","1.047, 1.269, 0.814, 1.798","9.926, 12.568, 13.416, 13.791","/home/v71349/analog-gradients/results/neuro_tile4_coupled/sweeps/20260202_215026/rfb_600_rleak_7M/neuro_tile4_coupled.raw","/home/v71349/analog-gradients/results/neuro_tile4_coupled/sweeps/20260202_215026/rfb_600_rleak_7M/neuro_tile4_coupled_test.txt","/home/v71349/analog-gradients/results/neuro_tile4_coupled/sweeps/20260202_215026/rfb_600_rleak_7M/spectre.log","/home/v71349/analog-gradients/results/neuro_tile4_coupled/sweeps/20260202_215026/rfb_600_rleak_7M/ocean.log"
20260202_215026,rfb_600_rleak_8M,600,8M,PASS,100p,"0.647, 1.012, 1.243, 0.757","spike0=15 spike1=15 spike2=15 spike3=15","1.047, 1.270, 0.814, 1.798","9.926, 12.568, 13.416, 13.791","/home/v71349/analog-gradients/results/neuro_tile4_coupled/sweeps/20260202_215026/rfb_600_rleak_8M/neuro_tile4_coupled.raw","/home/v71349/analog-gradients/results/neuro_tile4_coupled/sweeps/20260202_215026/rfb_600_rleak_8M/neuro_tile4_coupled_test.txt","/home/v71349/analog-gradients/results/neuro_tile4_coupled/sweeps/20260202_215026/rfb_600_rleak_8M/spectre.log","/home/v71349/analog-gradients/results/neuro_tile4_coupled/sweeps/20260202_215026/rfb_600_rleak_8M/ocean.log"
20260202_215026,rfb_600_rleak_9M,600,9M,PASS,100p,"0.647, 1.012, 1.243, 0.757","spike0=15 spike1=15 spike2=15 spike3=15","1.047, 1.270, 0.815, 1.798","9.926, 12.569, 13.416, 13.790","/home/v71349/analog-gradients/results/neuro_tile4_coupled/sweeps/20260202_215026/rfb_600_rleak_9M/neuro_tile4_coupled.raw","/home/v71349/analog-gradients/results/neuro_tile4_coupled/sweeps/20260202_215026/rfb_600_rleak_9M/neuro_tile4_coupled_test.txt","/home/v71349/analog-gradients/results/neuro_tile4_coupled/sweeps/20260202_215026/rfb_600_rleak_9M/spectre.log","/home/v71349/analog-gradients/results/neuro_tile4_coupled/sweeps/20260202_215026/rfb_600_rleak_9M/ocean.log"
20260202_215026,rfb_600_rleak_10M,600,10M,PASS,100p,"0.647, 1.012, 1.243, 0.757","spike0=15 spike1=15 spike2=15 spike3=15","1.047, 1.270, 0.815, 1.798","9.926, 12.569, 13.416, 13.790","/home/v71349/analog-gradients/results/neuro_tile4_coupled/sweeps/20260202_215026/rfb_600_rleak_10M/neuro_tile4_coupled.raw","/home/v71349/analog-gradients/results/neuro_tile4_coupled/sweeps/20260202_215026/rfb_600_rleak_10M/neuro_tile4_coupled_test.txt","/home/v71349/analog-gradients/results/neuro_tile4_coupled/sweeps/20260202_215026/rfb_600_rleak_10M/spectre.log","/home/v71349/analog-gradients/results/neuro_tile4_coupled/sweeps/20260202_215026/rfb_600_rleak_10M/ocean.log"
20260202_215026,rfb_600_rleak_12M,600,12M,PASS,100p,"0.647, 1.012, 1.244, 0.757","spike0=15 spike1=15 spike2=15 spike3=15","1.048, 1.270, 0.815, 1.798","9.927, 12.569, 13.416, 13.789","/home/v71349/analog-gradients/results/neuro_tile4_coupled/sweeps/20260202_215026/rfb_600_rleak_12M/neuro_tile4_coupled.raw","/home/v71349/analog-gradients/results/neuro_tile4_coupled/sweeps/20260202_215026/rfb_600_rleak_12M/neuro_tile4_coupled_test.txt","/home/v71349/analog-gradients/results/neuro_tile4_coupled/sweeps/20260202_215026/rfb_600_rleak_12M/spectre.log","/home/v71349/analog-gradients/results/neuro_tile4_coupled/sweeps/20260202_215026/rfb_600_rleak_12M/ocean.log"
20260202_215026,rfb_700_rleak_5M,700,5M,PASS,100p,"0.645, 1.006, 1.235, 0.756","spike0=15 spike1=15 spike2=15 spike3=15","1.048, 1.267, 0.823, 1.798","9.862, 12.489, 13.368, 13.770","/home/v71349/analog-gradients/results/neuro_tile4_coupled/sweeps/20260202_215026/rfb_700_rleak_5M/neuro_tile4_coupled.raw","/home/v71349/analog-gradients/results/neuro_tile4_coupled/sweeps/20260202_215026/rfb_700_rleak_5M/neuro_tile4_coupled_test.txt","/home/v71349/analog-gradients/results/neuro_tile4_coupled/sweeps/20260202_215026/rfb_700_rleak_5M/spectre.log","/home/v71349/analog-gradients/results/neuro_tile4_coupled/sweeps/20260202_215026/rfb_700_rleak_5M/ocean.log"
20260202_215026,rfb_700_rleak_6M,700,6M,PASS,100p,"0.645, 1.007, 1.236, 0.756","spike0=15 spike1=15 spike2=15 spike3=15","1.048, 1.267, 0.823, 1.798","9.863, 12.490, 13.368, 13.769","/home/v71349/analog-gradients/results/neuro_tile4_coupled/sweeps/20260202_215026/rfb_700_rleak_6M/neuro_tile4_coupled.raw","/home/v71349/analog-gradients/results/neuro_tile4_coupled/sweeps/20260202_215026/rfb_700_rleak_6M/neuro_tile4_coupled_test.txt","/home/v71349/analog-gradients/results/neuro_tile4_coupled/sweeps/20260202_215026/rfb_700_rleak_6M/spectre.log","/home/v71349/analog-gradients/results/neuro_tile4_coupled/sweeps/20260202_215026/rfb_700_rleak_6M/ocean.log"
20260202_215026,rfb_700_rleak_7M,700,7M,PASS,100p,"0.646, 1.007, 1.236, 0.757","spike0=15 spike1=15 spike2=15 spike3=15","1.048, 1.268, 0.823, 1.798","9.863, 12.490, 13.368, 13.768","/home/v71349/analog-gradients/results/neuro_tile4_coupled/sweeps/20260202_215026/rfb_700_rleak_7M/neuro_tile4_coupled.raw","/home/v71349/analog-gradients/results/neuro_tile4_coupled/sweeps/20260202_215026/rfb_700_rleak_7M/neuro_tile4_coupled_test.txt","/home/v71349/analog-gradients/results/neuro_tile4_coupled/sweeps/20260202_215026/rfb_700_rleak_7M/spectre.log","/home/v71349/analog-gradients/results/neuro_tile4_coupled/sweeps/20260202_215026/rfb_700_rleak_7M/ocean.log"
20260202_215026,rfb_700_rleak_8M,700,8M,PASS,100p,"0.646, 1.007, 1.236, 0.757","spike0=15 spike1=15 spike2=15 spike3=15","1.048, 1.268, 0.824, 1.798","9.863, 12.491, 13.367, 13.767","/home/v71349/analog-gradients/results/neuro_tile4_coupled/sweeps/20260202_215026/rfb_700_rleak_8M/neuro_tile4_coupled.raw","/home/v71349/analog-gradients/results/neuro_tile4_coupled/sweeps/20260202_215026/rfb_700_rleak_8M/neuro_tile4_coupled_test.txt","/home/v71349/analog-gradients/results/neuro_tile4_coupled/sweeps/20260202_215026/rfb_700_rleak_8M/spectre.log","/home/v71349/analog-gradients/results/neuro_tile4_coupled/sweeps/20260202_215026/rfb_700_rleak_8M/ocean.log"
20260202_215026,rfb_700_rleak_9M,700,9M,PASS,100p,"0.646, 1.007, 1.237, 0.757","spike0=15 spike1=15 spike2=15 spike3=15","1.049, 1.268, 0.824, 1.798","9.863, 12.491, 13.367, 13.767","/home/v71349/analog-gradients/results/neuro_tile4_coupled/sweeps/20260202_215026/rfb_700_rleak_9M/neuro_tile4_coupled.raw","/home/v71349/analog-gradients/results/neuro_tile4_coupled/sweeps/20260202_215026/rfb_700_rleak_9M/neuro_tile4_coupled_test.txt","/home/v71349/analog-gradients/results/neuro_tile4_coupled/sweeps/20260202_215026/rfb_700_rleak_9M/spectre.log","/home/v71349/analog-gradients/results/neuro_tile4_coupled/sweeps/20260202_215026/rfb_700_rleak_9M/ocean.log"
20260202_215026,rfb_700_rleak_10M,700,10M,PASS,100p,"0.646, 1.007, 1.237, 0.757","spike0=15 spike1=15 spike2=15 spike3=15","1.049, 1.268, 0.824, 1.798","9.864, 12.491, 13.367, 13.767","/home/v71349/analog-gradients/results/neuro_tile4_coupled/sweeps/20260202_215026/rfb_700_rleak_10M/neuro_tile4_coupled.raw","/home/v71349/analog-gradients/results/neuro_tile4_coupled/sweeps/20260202_215026/rfb_700_rleak_10M/neuro_tile4_coupled_test.txt","/home/v71349/analog-gradients/results/neuro_tile4_coupled/sweeps/20260202_215026/rfb_700_rleak_10M/spectre.log","/home/v71349/analog-gradients/results/neuro_tile4_coupled/sweeps/20260202_215026/rfb_700_rleak_10M/ocean.log"
20260202_215026,rfb_700_rleak_12M,700,12M,PASS,100p,"0.646, 1.007, 1.237, 0.757","spike0=15 spike1=15 spike2=15 spike3=15","1.049, 1.268, 0.824, 1.798","9.864, 12.491, 13.367, 13.766","/home/v71349/analog-gradients/results/neuro_tile4_coupled/sweeps/20260202_215026/rfb_700_rleak_12M/neuro_tile4_coupled.raw","/home/v71349/analog-gradients/results/neuro_tile4_coupled/sweeps/20260202_215026/rfb_700_rleak_12M/neuro_tile4_coupled_test.txt","/home/v71349/analog-gradients/results/neuro_tile4_coupled/sweeps/20260202_215026/rfb_700_rleak_12M/spectre.log","/home/v71349/analog-gradients/results/neuro_tile4_coupled/sweeps/20260202_215026/rfb_700_rleak_12M/ocean.log"
20260202_215026,rfb_800_rleak_5M,800,5M,PASS,100p,"0.644, 1.002, 1.229, 0.756","spike0=15 spike1=15 spike2=15 spike3=15","1.049, 1.265, 0.832, 1.798","9.800, 12.412, 13.320, 13.755","/home/v71349/analog-gradients/results/neuro_tile4_coupled/sweeps/20260202_215026/rfb_800_rleak_5M/neuro_tile4_coupled.raw","/home/v71349/analog-gradients/results/neuro_tile4_coupled/sweeps/20260202_215026/rfb_800_rleak_5M/neuro_tile4_coupled_test.txt","/home/v71349/analog-gradients/results/neuro_tile4_coupled/sweeps/20260202_215026/rfb_800_rleak_5M/spectre.log","/home/v71349/analog-gradients/results/neuro_tile4_coupled/sweeps/20260202_215026/rfb_800_rleak_5M/ocean.log"
20260202_215026,rfb_800_rleak_6M,800,6M,PASS,100p,"0.644, 1.002, 1.229, 0.756","spike0=15 spike1=15 spike2=15 spike3=15","1.049, 1.266, 0.832, 1.798","9.801, 12.412, 13.320, 13.755","/home/v71349/analog-gradients/results/neuro_tile4_coupled/sweeps/20260202_215026/rfb_800_rleak_6M/neuro_tile4_coupled.raw","/home/v71349/analog-gradients/results/neuro_tile4_coupled/sweeps/20260202_215026/rfb_800_rleak_6M/neuro_tile4_coupled_test.txt","/home/v71349/analog-gradients/results/neuro_tile4_coupled/sweeps/20260202_215026/rfb_800_rleak_6M/spectre.log","/home/v71349/analog-gradients/results/neuro_tile4_coupled/sweeps/20260202_215026/rfb_800_rleak_6M/ocean.log"
20260202_215026,rfb_800_rleak_7M,800,7M,PASS,100p,"0.644, 1.002, 1.229, 0.756","spike0=15 spike1=15 spike2=15 spike3=15","1.050, 1.266, 0.832, 1.798","9.801, 12.412, 13.320, 13.754","/home/v71349/analog-gradients/results/neuro_tile4_coupled/sweeps/20260202_215026/rfb_800_rleak_7M/neuro_tile4_coupled.raw","/home/v71349/analog-gradients/results/neuro_tile4_coupled/sweeps/20260202_215026/rfb_800_rleak_7M/neuro_tile4_coupled_test.txt","/home/v71349/analog-gradients/results/neuro_tile4_coupled/sweeps/20260202_215026/rfb_800_rleak_7M/spectre.log","/home/v71349/analog-gradients/results/neuro_tile4_coupled/sweeps/20260202_215026/rfb_800_rleak_7M/ocean.log"
20260202_215026,rfb_800_rleak_8M,800,8M,PASS,100p,"0.644, 1.002, 1.230, 0.757","spike0=15 spike1=15 spike2=15 spike3=15","1.050, 1.266, 0.833, 1.798","9.801, 12.413, 13.320, 13.754","/home/v71349/analog-gradients/results/neuro_tile4_coupled/sweeps/20260202_215026/rfb_800_rleak_8M/neuro_tile4_coupled.raw","/home/v71349/analog-gradients/results/neuro_tile4_coupled/sweeps/20260202_215026/rfb_800_rleak_8M/neuro_tile4_coupled_test.txt","/home/v71349/analog-gradients/results/neuro_tile4_coupled/sweeps/20260202_215026/rfb_800_rleak_8M/spectre.log","/home/v71349/analog-gradients/results/neuro_tile4_coupled/sweeps/20260202_215026/rfb_800_rleak_8M/ocean.log"
20260202_215026,rfb_800_rleak_9M,800,9M,PASS,100p,"0.644, 1.003, 1.230, 0.757","spike0=15 spike1=15 spike2=15 spike3=15","1.050, 1.266, 0.833, 1.798","9.801, 12.413, 13.320, 13.754","/home/v71349/analog-gradients/results/neuro_tile4_coupled/sweeps/20260202_215026/rfb_800_rleak_9M/neuro_tile4_coupled.raw","/home/v71349/analog-gradients/results/neuro_tile4_coupled/sweeps/20260202_215026/rfb_800_rleak_9M/neuro_tile4_coupled_test.txt","/home/v71349/analog-gradients/results/neuro_tile4_coupled/sweeps/20260202_215026/rfb_800_rleak_9M/spectre.log","/home/v71349/analog-gradients/results/neuro_tile4_coupled/sweeps/20260202_215026/rfb_800_rleak_9M/ocean.log"
20260202_215026,rfb_800_rleak_10M,800,10M,PASS,100p,"0.644, 1.003, 1.230, 0.757","spike0=15 spike1=15 spike2=15 spike3=15","1.050, 1.266, 0.833, 1.798","9.802, 12.413, 13.319, 13.754","/home/v71349/analog-gradients/results/neuro_tile4_coupled/sweeps/20260202_215026/rfb_800_rleak_10M/neuro_tile4_coupled.raw","/home/v71349/analog-gradients/results/neuro_tile4_coupled/sweeps/20260202_215026/rfb_800_rleak_10M/neuro_tile4_coupled_test.txt","/home/v71349/analog-gradients/results/neuro_tile4_coupled/sweeps/20260202_215026/rfb_800_rleak_10M/spectre.log","/home/v71349/analog-gradients/results/neuro_tile4_coupled/sweeps/20260202_215026/rfb_800_rleak_10M/ocean.log"
20260202_215026,rfb_800_rleak_12M,800,12M,PASS,100p,"0.644, 1.003, 1.230, 0.757","spike0=15 spike1=15 spike2=15 spike3=15","1.050, 1.267, 0.833, 1.798","9.802, 12.414, 13.319, 13.753","/home/v71349/analog-gradients/results/neuro_tile4_coupled/sweeps/20260202_215026/rfb_800_rleak_12M/neuro_tile4_coupled.raw","/home/v71349/analog-gradients/results/neuro_tile4_coupled/sweeps/20260202_215026/rfb_800_rleak_12M/neuro_tile4_coupled_test.txt","/home/v71349/analog-gradients/results/neuro_tile4_coupled/sweeps/20260202_215026/rfb_800_rleak_12M/spectre.log","/home/v71349/analog-gradients/results/neuro_tile4_coupled/sweeps/20260202_215026/rfb_800_rleak_12M/ocean.log"
20260202_215026,rfb_900_rleak_5M,900,5M,PASS,100p,"0.643, 0.997, 1.222, 0.756","spike0=15 spike1=15 spike2=15 spike3=15","1.050, 1.263, 0.841, 1.798","9.739, 12.335, 13.272, 13.745","/home/v71349/analog-gradients/results/neuro_tile4_coupled/sweeps/20260202_215026/rfb_900_rleak_5M/neuro_tile4_coupled.raw","/home/v71349/analog-gradients/results/neuro_tile4_coupled/sweeps/20260202_215026/rfb_900_rleak_5M/neuro_tile4_coupled_test.txt","/home/v71349/analog-gradients/results/neuro_tile4_coupled/sweeps/20260202_215026/rfb_900_rleak_5M/spectre.log","/home/v71349/analog-gradients/results/neuro_tile4_coupled/sweeps/20260202_215026/rfb_900_rleak_5M/ocean.log"
20260202_215026,rfb_900_rleak_6M,900,6M,PASS,100p,"0.643, 0.997, 1.222, 0.756","spike0=15 spike1=15 spike2=15 spike3=15","1.051, 1.264, 0.841, 1.798","9.740, 12.335, 13.271, 13.744","/home/v71349/analog-gradients/results/neuro_tile4_coupled/sweeps/20260202_215026/rfb_900_rleak_6M/neuro_tile4_coupled.raw","/home/v71349/analog-gradients/results/neuro_tile4_coupled/sweeps/20260202_215026/rfb_900_rleak_6M/neuro_tile4_coupled_test.txt","/home/v71349/analog-gradients/results/neuro_tile4_coupled/sweeps/20260202_215026/rfb_900_rleak_6M/spectre.log","/home/v71349/analog-gradients/results/neuro_tile4_coupled/sweeps/20260202_215026/rfb_900_rleak_6M/ocean.log"
20260202_215026,rfb_900_rleak_7M,900,7M,PASS,100p,"0.643, 0.998, 1.223, 0.756","spike0=15 spike1=15 spike2=15 spike3=15","1.051, 1.264, 0.841, 1.798","9.740, 12.336, 13.271, 13.743","/home/v71349/analog-gradients/results/neuro_tile4_coupled/sweeps/20260202_215026/rfb_900_rleak_7M/neuro_tile4_coupled.raw","/home/v71349/analog-gradients/results/neuro_tile4_coupled/sweeps/20260202_215026/rfb_900_rleak_7M/neuro_tile4_coupled_test.txt","/home/v71349/analog-gradients/results/neuro_tile4_coupled/sweeps/20260202_215026/rfb_900_rleak_7M/spectre.log","/home/v71349/analog-gradients/results/neuro_tile4_coupled/sweeps/20260202_215026/rfb_900_rleak_7M/ocean.log"
20260202_215026,rfb_900_rleak_8M,900,8M,PASS,100p,"0.643, 0.998, 1.223, 0.756","spike0=15 spike1=15 spike2=15 spike3=15","1.051, 1.264, 0.842, 1.798","9.740, 12.336, 13.270, 13.743","/home/v71349/analog-gradients/results/neuro_tile4_coupled/sweeps/20260202_215026/rfb_900_rleak_8M/neuro_tile4_coupled.raw","/home/v71349/analog-gradients/results/neuro_tile4_coupled/sweeps/20260202_215026/rfb_900_rleak_8M/neuro_tile4_coupled_test.txt","/home/v71349/analog-gradients/results/neuro_tile4_coupled/sweeps/20260202_215026/rfb_900_rleak_8M/spectre.log","/home/v71349/analog-gradients/results/neuro_tile4_coupled/sweeps/20260202_215026/rfb_900_rleak_8M/ocean.log"
20260202_215026,rfb_900_rleak_9M,900,9M,PASS,100p,"0.643, 0.998, 1.223, 0.757","spike0=15 spike1=15 spike2=15 spike3=15","1.051, 1.265, 0.842, 1.798","9.740, 12.336, 13.270, 13.743","/home/v71349/analog-gradients/results/neuro_tile4_coupled/sweeps/20260202_215026/rfb_900_rleak_9M/neuro_tile4_coupled.raw","/home/v71349/analog-gradients/results/neuro_tile4_coupled/sweeps/20260202_215026/rfb_900_rleak_9M/neuro_tile4_coupled_test.txt","/home/v71349/analog-gradients/results/neuro_tile4_coupled/sweeps/20260202_215026/rfb_900_rleak_9M/spectre.log","/home/v71349/analog-gradients/results/neuro_tile4_coupled/sweeps/20260202_215026/rfb_900_rleak_9M/ocean.log"
20260202_215026,rfb_900_rleak_10M,900,10M,PASS,100p,"0.643, 0.998, 1.223, 0.757","spike0=15 spike1=15 spike2=15 spike3=15","1.051, 1.265, 0.842, 1.798","9.740, 12.337, 13.270, 13.743","/home/v71349/analog-gradients/results/neuro_tile4_coupled/sweeps/20260202_215026/rfb_900_rleak_10M/neuro_tile4_coupled.raw","/home/v71349/analog-gradients/results/neuro_tile4_coupled/sweeps/20260202_215026/rfb_900_rleak_10M/neuro_tile4_coupled_test.txt","/home/v71349/analog-gradients/results/neuro_tile4_coupled/sweeps/20260202_215026/rfb_900_rleak_10M/spectre.log","/home/v71349/analog-gradients/results/neuro_tile4_coupled/sweeps/20260202_215026/rfb_900_rleak_10M/ocean.log"
20260202_215026,rfb_900_rleak_12M,900,12M,PASS,100p,"0.643, 0.998, 1.224, 0.757","spike0=15 spike1=15 spike2=15 spike3=15","1.051, 1.265, 0.842, 1.798","9.741, 12.337, 13.270, 13.743","/home/v71349/analog-gradients/results/neuro_tile4_coupled/sweeps/20260202_215026/rfb_900_rleak_12M/neuro_tile4_coupled.raw","/home/v71349/analog-gradients/results/neuro_tile4_coupled/sweeps/20260202_215026/rfb_900_rleak_12M/neuro_tile4_coupled_test.txt","/home/v71349/analog-gradients/results/neuro_tile4_coupled/sweeps/20260202_215026/rfb_900_rleak_12M/spectre.log","/home/v71349/analog-gradients/results/neuro_tile4_coupled/sweeps/20260202_215026/rfb_900_rleak_12M/ocean.log"
20260202_215026,rfb_1000_rleak_5M,1000,5M,PASS,100p,"0.641, 0.992, 1.215, 0.756","spike0=15 spike1=15 spike2=15 spike3=15","1.052, 1.262, 0.850, 1.798","9.679, 12.258, 13.222, 13.734","/home/v71349/analog-gradients/results/neuro_tile4_coupled/sweeps/20260202_215026/rfb_1000_rleak_5M/neuro_tile4_coupled.raw","/home/v71349/analog-gradients/results/neuro_tile4_coupled/sweeps/20260202_215026/rfb_1000_rleak_5M/neuro_tile4_coupled_test.txt","/home/v71349/analog-gradients/results/neuro_tile4_coupled/sweeps/20260202_215026/rfb_1000_rleak_5M/spectre.log","/home/v71349/analog-gradients/results/neuro_tile4_coupled/sweeps/20260202_215026/rfb_1000_rleak_5M/ocean.log"
20260202_215026,rfb_1000_rleak_6M,1000,6M,PASS,100p,"0.641, 0.993, 1.216, 0.756","spike0=15 spike1=15 spike2=15 spike3=15","1.052, 1.262, 0.850, 1.798","9.679, 12.259, 13.222, 13.733","/home/v71349/analog-gradients/results/neuro_tile4_coupled/sweeps/20260202_215026/rfb_1000_rleak_6M/neuro_tile4_coupled.raw","/home/v71349/analog-gradients/results/neuro_tile4_coupled/sweeps/20260202_215026/rfb_1000_rleak_6M/neuro_tile4_coupled_test.txt","/home/v71349/analog-gradients/results/neuro_tile4_coupled/sweeps/20260202_215026/rfb_1000_rleak_6M/spectre.log","/home/v71349/analog-gradients/results/neuro_tile4_coupled/sweeps/20260202_215026/rfb_1000_rleak_6M/ocean.log"
20260202_215026,rfb_1000_rleak_7M,1000,7M,PASS,100p,"0.642, 0.993, 1.216, 0.756","spike0=15 spike1=15 spike2=15 spike3=15","1.052, 1.263, 0.850, 1.798","9.679, 12.259, 13.222, 13.733","/home/v71349/analog-gradients/results/neuro_tile4_coupled/sweeps/20260202_215026/rfb_1000_rleak_7M/neuro_tile4_coupled.raw","/home/v71349/analog-gradients/results/neuro_tile4_coupled/sweeps/20260202_215026/rfb_1000_rleak_7M/neuro_tile4_coupled_test.txt","/home/v71349/analog-gradients/results/neuro_tile4_coupled/sweeps/20260202_215026/rfb_1000_rleak_7M/spectre.log","/home/v71349/analog-gradients/results/neuro_tile4_coupled/sweeps/20260202_215026/rfb_1000_rleak_7M/ocean.log"
20260202_215026,rfb_1000_rleak_8M,1000,8M,PASS,100p,"0.642, 0.993, 1.216, 0.756","spike0=15 spike1=15 spike2=15 spike3=15","1.052, 1.263, 0.850, 1.798","9.679, 12.259, 13.221, 13.732","/home/v71349/analog-gradients/results/neuro_tile4_coupled/sweeps/20260202_215026/rfb_1000_rleak_8M/neuro_tile4_coupled.raw","/home/v71349/analog-gradients/results/neuro_tile4_coupled/sweeps/20260202_215026/rfb_1000_rleak_8M/neuro_tile4_coupled_test.txt","/home/v71349/analog-gradients/results/neuro_tile4_coupled/sweeps/20260202_215026/rfb_1000_rleak_8M/spectre.log","/home/v71349/analog-gradients/results/neuro_tile4_coupled/sweeps/20260202_215026/rfb_1000_rleak_8M/ocean.log"
20260202_215026,rfb_1000_rleak_9M,1000,9M,PASS,100p,"0.642, 0.993, 1.217, 0.756","spike0=15 spike1=15 spike2=15 spike3=15","1.053, 1.263, 0.850, 1.798","9.679, 12.260, 13.221, 13.731","/home/v71349/analog-gradients/results/neuro_tile4_coupled/sweeps/20260202_215026/rfb_1000_rleak_9M/neuro_tile4_coupled.raw","/home/v71349/analog-gradients/results/neuro_tile4_coupled/sweeps/20260202_215026/rfb_1000_rleak_9M/neuro_tile4_coupled_test.txt","/home/v71349/analog-gradients/results/neuro_tile4_coupled/sweeps/20260202_215026/rfb_1000_rleak_9M/spectre.log","/home/v71349/analog-gradients/results/neuro_tile4_coupled/sweeps/20260202_215026/rfb_1000_rleak_9M/ocean.log"
20260202_215026,rfb_1000_rleak_10M,1000,10M,PASS,100p,"0.642, 0.993, 1.217, 0.757","spike0=15 spike1=15 spike2=15 spike3=15","1.053, 1.263, 0.851, 1.798","9.679, 12.260, 13.221, 13.732","/home/v71349/analog-gradients/results/neuro_tile4_coupled/sweeps/20260202_215026/rfb_1000_rleak_10M/neuro_tile4_coupled.raw","/home/v71349/analog-gradients/results/neuro_tile4_coupled/sweeps/20260202_215026/rfb_1000_rleak_10M/neuro_tile4_coupled_test.txt","/home/v71349/analog-gradients/results/neuro_tile4_coupled/sweeps/20260202_215026/rfb_1000_rleak_10M/spectre.log","/home/v71349/analog-gradients/results/neuro_tile4_coupled/sweeps/20260202_215026/rfb_1000_rleak_10M/ocean.log"
20260202_215026,rfb_1000_rleak_12M,1000,12M,PASS,100p,"0.642, 0.993, 1.217, 0.757","spike0=15 spike1=15 spike2=15 spike3=15","1.053, 1.263, 0.851, 1.798","9.680, 12.260, 13.221, 13.731","/home/v71349/analog-gradients/results/neuro_tile4_coupled/sweeps/20260202_215026/rfb_1000_rleak_12M/neuro_tile4_coupled.raw","/home/v71349/analog-gradients/results/neuro_tile4_coupled/sweeps/20260202_215026/rfb_1000_rleak_12M/neuro_tile4_coupled_test.txt","/home/v71349/analog-gradients/results/neuro_tile4_coupled/sweeps/20260202_215026/rfb_1000_rleak_12M/spectre.log","/home/v71349/analog-gradients/results/neuro_tile4_coupled/sweeps/20260202_215026/rfb_1000_rleak_12M/ocean.log"
20260202_215026,rfb_1100_rleak_5M,1100,5M,PASS,100p,"0.640, 0.988, 1.209, 0.756","spike0=15 spike1=15 spike2=15 spike3=15","1.053, 1.260, 0.859, 1.798","9.618, 12.183, 13.174, 13.719","/home/v71349/analog-gradients/results/neuro_tile4_coupled/sweeps/20260202_215026/rfb_1100_rleak_5M/neuro_tile4_coupled.raw","/home/v71349/analog-gradients/results/neuro_tile4_coupled/sweeps/20260202_215026/rfb_1100_rleak_5M/neuro_tile4_coupled_test.txt","/home/v71349/analog-gradients/results/neuro_tile4_coupled/sweeps/20260202_215026/rfb_1100_rleak_5M/spectre.log","/home/v71349/analog-gradients/results/neuro_tile4_coupled/sweeps/20260202_215026/rfb_1100_rleak_5M/ocean.log"
20260202_215026,rfb_1100_rleak_6M,1100,6M,PASS,100p,"0.640, 0.988, 1.209, 0.756","spike0=15 spike1=15 spike2=15 spike3=15","1.053, 1.261, 0.859, 1.798","9.619, 12.183, 13.174, 13.718","/home/v71349/analog-gradients/results/neuro_tile4_coupled/sweeps/20260202_215026/rfb_1100_rleak_6M/neuro_tile4_coupled.raw","/home/v71349/analog-gradients/results/neuro_tile4_coupled/sweeps/20260202_215026/rfb_1100_rleak_6M/neuro_tile4_coupled_test.txt","/home/v71349/analog-gradients/results/neuro_tile4_coupled/sweeps/20260202_215026/rfb_1100_rleak_6M/spectre.log","/home/v71349/analog-gradients/results/neuro_tile4_coupled/sweeps/20260202_215026/rfb_1100_rleak_6M/ocean.log"
20260202_215026,rfb_1100_rleak_7M,1100,7M,PASS,100p,"0.640, 0.988, 1.210, 0.756","spike0=15 spike1=15 spike2=15 spike3=15","1.054, 1.261, 0.859, 1.798","9.619, 12.184, 13.174, 13.715","/home/v71349/analog-gradients/results/neuro_tile4_coupled/sweeps/20260202_215026/rfb_1100_rleak_7M/neuro_tile4_coupled.raw","/home/v71349/analog-gradients/results/neuro_tile4_coupled/sweeps/20260202_215026/rfb_1100_rleak_7M/neuro_tile4_coupled_test.txt","/home/v71349/analog-gradients/results/neuro_tile4_coupled/sweeps/20260202_215026/rfb_1100_rleak_7M/spectre.log","/home/v71349/analog-gradients/results/neuro_tile4_coupled/sweeps/20260202_215026/rfb_1100_rleak_7M/ocean.log"
20260202_215026,rfb_1100_rleak_8M,1100,8M,PASS,100p,"0.640, 0.988, 1.210, 0.756","spike0=15 spike1=15 spike2=15 spike3=15","1.054, 1.261, 0.859, 1.798","9.619, 12.184, 13.173, 13.715","/home/v71349/analog-gradients/results/neuro_tile4_coupled/sweeps/20260202_215026/rfb_1100_rleak_8M/neuro_tile4_coupled.raw","/home/v71349/analog-gradients/results/neuro_tile4_coupled/sweeps/20260202_215026/rfb_1100_rleak_8M/neuro_tile4_coupled_test.txt","/home/v71349/analog-gradients/results/neuro_tile4_coupled/sweeps/20260202_215026/rfb_1100_rleak_8M/spectre.log","/home/v71349/analog-gradients/results/neuro_tile4_coupled/sweeps/20260202_215026/rfb_1100_rleak_8M/ocean.log"
20260202_215026,rfb_1100_rleak_9M,1100,9M,PASS,100p,"0.640, 0.989, 1.210, 0.756","spike0=15 spike1=15 spike2=15 spike3=15","1.054, 1.262, 0.859, 1.798","9.619, 12.184, 13.173, 13.715","/home/v71349/analog-gradients/results/neuro_tile4_coupled/sweeps/20260202_215026/rfb_1100_rleak_9M/neuro_tile4_coupled.raw","/home/v71349/analog-gradients/results/neuro_tile4_coupled/sweeps/20260202_215026/rfb_1100_rleak_9M/neuro_tile4_coupled_test.txt","/home/v71349/analog-gradients/results/neuro_tile4_coupled/sweeps/20260202_215026/rfb_1100_rleak_9M/spectre.log","/home/v71349/analog-gradients/results/neuro_tile4_coupled/sweeps/20260202_215026/rfb_1100_rleak_9M/ocean.log"
20260202_215026,rfb_1100_rleak_10M,1100,10M,PASS,100p,"0.640, 0.989, 1.210, 0.756","spike0=15 spike1=15 spike2=15 spike3=15","1.054, 1.262, 0.859, 1.798","9.619, 12.184, 13.173, 13.714","/home/v71349/analog-gradients/results/neuro_tile4_coupled/sweeps/20260202_215026/rfb_1100_rleak_10M/neuro_tile4_coupled.raw","/home/v71349/analog-gradients/results/neuro_tile4_coupled/sweeps/20260202_215026/rfb_1100_rleak_10M/neuro_tile4_coupled_test.txt","/home/v71349/analog-gradients/results/neuro_tile4_coupled/sweeps/20260202_215026/rfb_1100_rleak_10M/spectre.log","/home/v71349/analog-gradients/results/neuro_tile4_coupled/sweeps/20260202_215026/rfb_1100_rleak_10M/ocean.log"
20260202_215026,rfb_1100_rleak_12M,1100,12M,PASS,100p,"0.640, 0.989, 1.210, 0.757","spike0=15 spike1=15 spike2=15 spike3=15","1.054, 1.262, 0.859, 1.798","9.620, 12.185, 13.173, 13.714","/home/v71349/analog-gradients/results/neuro_tile4_coupled/sweeps/20260202_215026/rfb_1100_rleak_12M/neuro_tile4_coupled.raw","/home/v71349/analog-gradients/results/neuro_tile4_coupled/sweeps/20260202_215026/rfb_1100_rleak_12M/neuro_tile4_coupled_test.txt","/home/v71349/analog-gradients/results/neuro_tile4_coupled/sweeps/20260202_215026/rfb_1100_rleak_12M/spectre.log","/home/v71349/analog-gradients/results/neuro_tile4_coupled/sweeps/20260202_215026/rfb_1100_rleak_12M/ocean.log"
20260202_215026,rfb_1200_rleak_5M,1200,5M,PASS,100p,"0.639, 0.983, 1.202, 0.756","spike0=15 spike1=15 spike2=15 spike3=15","1.055, 1.259, 0.867, 1.798","9.559, 12.108, 13.126, 13.687","/home/v71349/analog-gradients/results/neuro_tile4_coupled/sweeps/20260202_215026/rfb_1200_rleak_5M/neuro_tile4_coupled.raw","/home/v71349/analog-gradients/results/neuro_tile4_coupled/sweeps/20260202_215026/rfb_1200_rleak_5M/neuro_tile4_coupled_test.txt","/home/v71349/analog-gradients/results/neuro_tile4_coupled/sweeps/20260202_215026/rfb_1200_rleak_5M/spectre.log","/home/v71349/analog-gradients/results/neuro_tile4_coupled/sweeps/20260202_215026/rfb_1200_rleak_5M/ocean.log"
20260202_215026,rfb_1200_rleak_6M,1200,6M,PASS,100p,"0.639, 0.984, 1.203, 0.756","spike0=15 spike1=15 spike2=15 spike3=15","1.055, 1.259, 0.867, 1.798","9.560, 12.109, 13.124, 13.684","/home/v71349/analog-gradients/results/neuro_tile4_coupled/sweeps/20260202_215026/rfb_1200_rleak_6M/neuro_tile4_coupled.raw","/home/v71349/analog-gradients/results/neuro_tile4_coupled/sweeps/20260202_215026/rfb_1200_rleak_6M/neuro_tile4_coupled_test.txt","/home/v71349/analog-gradients/results/neuro_tile4_coupled/sweeps/20260202_215026/rfb_1200_rleak_6M/spectre.log","/home/v71349/analog-gradients/results/neuro_tile4_coupled/sweeps/20260202_215026/rfb_1200_rleak_6M/ocean.log"
20260202_215026,rfb_1200_rleak_7M,1200,7M,PASS,100p,"0.639, 0.984, 1.203, 0.756","spike0=15 spike1=15 spike2=15 spike3=15","1.055, 1.260, 0.868, 1.798","9.560, 12.109, 13.125, 13.684","/home/v71349/analog-gradients/results/neuro_tile4_coupled/sweeps/20260202_215026/rfb_1200_rleak_7M/neuro_tile4_coupled.raw","/home/v71349/analog-gradients/results/neuro_tile4_coupled/sweeps/20260202_215026/rfb_1200_rleak_7M/neuro_tile4_coupled_test.txt","/home/v71349/analog-gradients/results/neuro_tile4_coupled/sweeps/20260202_215026/rfb_1200_rleak_7M/spectre.log","/home/v71349/analog-gradients/results/neuro_tile4_coupled/sweeps/20260202_215026/rfb_1200_rleak_7M/ocean.log"
20260202_215026,rfb_1200_rleak_8M,1200,8M,PASS,100p,"0.639, 0.984, 1.203, 0.756","spike0=15 spike1=15 spike2=15 spike3=15","1.055, 1.260, 0.868, 1.798","9.560, 12.109, 13.125, 13.684","/home/v71349/analog-gradients/results/neuro_tile4_coupled/sweeps/20260202_215026/rfb_1200_rleak_8M/neuro_tile4_coupled.raw","/home/v71349/analog-gradients/results/neuro_tile4_coupled/sweeps/20260202_215026/rfb_1200_rleak_8M/neuro_tile4_coupled_test.txt","/home/v71349/analog-gradients/results/neuro_tile4_coupled/sweeps/20260202_215026/rfb_1200_rleak_8M/spectre.log","/home/v71349/analog-gradients/results/neuro_tile4_coupled/sweeps/20260202_215026/rfb_1200_rleak_8M/ocean.log"
20260202_215026,rfb_1200_rleak_9M,1200,9M,PASS,100p,"0.639, 0.984, 1.203, 0.756","spike0=15 spike1=15 spike2=15 spike3=15","1.055, 1.260, 0.868, 1.798","9.561, 12.110, 13.125, 13.684","/home/v71349/analog-gradients/results/neuro_tile4_coupled/sweeps/20260202_215026/rfb_1200_rleak_9M/neuro_tile4_coupled.raw","/home/v71349/analog-gradients/results/neuro_tile4_coupled/sweeps/20260202_215026/rfb_1200_rleak_9M/neuro_tile4_coupled_test.txt","/home/v71349/analog-gradients/results/neuro_tile4_coupled/sweeps/20260202_215026/rfb_1200_rleak_9M/spectre.log","/home/v71349/analog-gradients/results/neuro_tile4_coupled/sweeps/20260202_215026/rfb_1200_rleak_9M/ocean.log"
20260202_215026,rfb_1200_rleak_10M,1200,10M,PASS,100p,"0.639, 0.984, 1.204, 0.756","spike0=15 spike1=15 spike2=15 spike3=15","1.055, 1.260, 0.868, 1.798","9.561, 12.110, 13.125, 13.683","/home/v71349/analog-gradients/results/neuro_tile4_coupled/sweeps/20260202_215026/rfb_1200_rleak_10M/neuro_tile4_coupled.raw","/home/v71349/analog-gradients/results/neuro_tile4_coupled/sweeps/20260202_215026/rfb_1200_rleak_10M/neuro_tile4_coupled_test.txt","/home/v71349/analog-gradients/results/neuro_tile4_coupled/sweeps/20260202_215026/rfb_1200_rleak_10M/spectre.log","/home/v71349/analog-gradients/results/neuro_tile4_coupled/sweeps/20260202_215026/rfb_1200_rleak_10M/ocean.log"
20260202_215026,rfb_1200_rleak_12M,1200,12M,PASS,100p,"0.639, 0.984, 1.204, 0.756","spike0=15 spike1=15 spike2=15 spike3=15","1.056, 1.261, 0.868, 1.798","9.561, 12.110, 13.126, 13.683","/home/v71349/analog-gradients/results/neuro_tile4_coupled/sweeps/20260202_215026/rfb_1200_rleak_12M/neuro_tile4_coupled.raw","/home/v71349/analog-gradients/results/neuro_tile4_coupled/sweeps/20260202_215026/rfb_1200_rleak_12M/neuro_tile4_coupled_test.txt","/home/v71349/analog-gradients/results/neuro_tile4_coupled/sweeps/20260202_215026/rfb_1200_rleak_12M/spectre.log","/home/v71349/analog-gradients/results/neuro_tile4_coupled/sweeps/20260202_215026/rfb_1200_rleak_12M/ocean.log"
20260202_215026,rfb_1300_rleak_5M,1300,5M,PASS,100p,"0.637, 0.979, 1.196, 0.756","spike0=15 spike1=15 spike2=15 spike3=15","1.056, 1.258, 0.876, 1.798","9.501, 12.036, 13.079, 13.664","/home/v71349/analog-gradients/results/neuro_tile4_coupled/sweeps/20260202_215026/rfb_1300_rleak_5M/neuro_tile4_coupled.raw","/home/v71349/analog-gradients/results/neuro_tile4_coupled/sweeps/20260202_215026/rfb_1300_rleak_5M/neuro_tile4_coupled_test.txt","/home/v71349/analog-gradients/results/neuro_tile4_coupled/sweeps/20260202_215026/rfb_1300_rleak_5M/spectre.log","/home/v71349/analog-gradients/results/neuro_tile4_coupled/sweeps/20260202_215026/rfb_1300_rleak_5M/ocean.log"
20260202_215026,rfb_1300_rleak_6M,1300,6M,PASS,100p,"0.637, 0.979, 1.196, 0.756","spike0=15 spike1=15 spike2=15 spike3=15","1.056, 1.258, 0.876, 1.798","9.502, 12.036, 13.078, 13.664","/home/v71349/analog-gradients/results/neuro_tile4_coupled/sweeps/20260202_215026/rfb_1300_rleak_6M/neuro_tile4_coupled.raw","/home/v71349/analog-gradients/results/neuro_tile4_coupled/sweeps/20260202_215026/rfb_1300_rleak_6M/neuro_tile4_coupled_test.txt","/home/v71349/analog-gradients/results/neuro_tile4_coupled/sweeps/20260202_215026/rfb_1300_rleak_6M/spectre.log","/home/v71349/analog-gradients/results/neuro_tile4_coupled/sweeps/20260202_215026/rfb_1300_rleak_6M/ocean.log"
20260202_215026,rfb_1300_rleak_7M,1300,7M,PASS,100p,"0.637, 0.979, 1.196, 0.756","spike0=15 spike1=15 spike2=15 spike3=15","1.057, 1.258, 0.876, 1.798","9.502, 12.037, 13.078, 13.663","/home/v71349/analog-gradients/results/neuro_tile4_coupled/sweeps/20260202_215026/rfb_1300_rleak_7M/neuro_tile4_coupled.raw","/home/v71349/analog-gradients/results/neuro_tile4_coupled/sweeps/20260202_215026/rfb_1300_rleak_7M/neuro_tile4_coupled_test.txt","/home/v71349/analog-gradients/results/neuro_tile4_coupled/sweeps/20260202_215026/rfb_1300_rleak_7M/spectre.log","/home/v71349/analog-gradients/results/neuro_tile4_coupled/sweeps/20260202_215026/rfb_1300_rleak_7M/ocean.log"
20260202_215026,rfb_1300_rleak_8M,1300,8M,PASS,100p,"0.637, 0.979, 1.197, 0.756","spike0=15 spike1=15 spike2=15 spike3=15","1.057, 1.259, 0.876, 1.798","9.502, 12.037, 13.078, 13.663","/home/v71349/analog-gradients/results/neuro_tile4_coupled/sweeps/20260202_215026/rfb_1300_rleak_8M/neuro_tile4_coupled.raw","/home/v71349/analog-gradients/results/neuro_tile4_coupled/sweeps/20260202_215026/rfb_1300_rleak_8M/neuro_tile4_coupled_test.txt","/home/v71349/analog-gradients/results/neuro_tile4_coupled/sweeps/20260202_215026/rfb_1300_rleak_8M/spectre.log","/home/v71349/analog-gradients/results/neuro_tile4_coupled/sweeps/20260202_215026/rfb_1300_rleak_8M/ocean.log"
20260202_215026,rfb_1300_rleak_9M,1300,9M,PASS,100p,"0.637, 0.979, 1.197, 0.756","spike0=15 spike1=15 spike2=15 spike3=15","1.057, 1.259, 0.876, 1.798","9.502, 12.037, 13.077, 13.662","/home/v71349/analog-gradients/results/neuro_tile4_coupled/sweeps/20260202_215026/rfb_1300_rleak_9M/neuro_tile4_coupled.raw","/home/v71349/analog-gradients/results/neuro_tile4_coupled/sweeps/20260202_215026/rfb_1300_rleak_9M/neuro_tile4_coupled_test.txt","/home/v71349/analog-gradients/results/neuro_tile4_coupled/sweeps/20260202_215026/rfb_1300_rleak_9M/spectre.log","/home/v71349/analog-gradients/results/neuro_tile4_coupled/sweeps/20260202_215026/rfb_1300_rleak_9M/ocean.log"
20260202_215026,rfb_1300_rleak_10M,1300,10M,PASS,100p,"0.638, 0.979, 1.197, 0.756","spike0=15 spike1=15 spike2=15 spike3=15","1.057, 1.259, 0.876, 1.798","9.502, 12.037, 13.077, 13.661","/home/v71349/analog-gradients/results/neuro_tile4_coupled/sweeps/20260202_215026/rfb_1300_rleak_10M/neuro_tile4_coupled.raw","/home/v71349/analog-gradients/results/neuro_tile4_coupled/sweeps/20260202_215026/rfb_1300_rleak_10M/neuro_tile4_coupled_test.txt","/home/v71349/analog-gradients/results/neuro_tile4_coupled/sweeps/20260202_215026/rfb_1300_rleak_10M/spectre.log","/home/v71349/analog-gradients/results/neuro_tile4_coupled/sweeps/20260202_215026/rfb_1300_rleak_10M/ocean.log"
20260202_215026,rfb_1300_rleak_12M,1300,12M,PASS,100p,"0.638, 0.980, 1.197, 0.756","spike0=15 spike1=15 spike2=15 spike3=15","1.057, 1.259, 0.877, 1.798","9.502, 12.037, 13.077, 13.661","/home/v71349/analog-gradients/results/neuro_tile4_coupled/sweeps/20260202_215026/rfb_1300_rleak_12M/neuro_tile4_coupled.raw","/home/v71349/analog-gradients/results/neuro_tile4_coupled/sweeps/20260202_215026/rfb_1300_rleak_12M/neuro_tile4_coupled_test.txt","/home/v71349/analog-gradients/results/neuro_tile4_coupled/sweeps/20260202_215026/rfb_1300_rleak_12M/spectre.log","/home/v71349/analog-gradients/results/neuro_tile4_coupled/sweeps/20260202_215026/rfb_1300_rleak_12M/ocean.log"
20260202_215026,rfb_1500_rleak_5M,1500,5M,PASS,100p,"0.634, 0.970, 1.183, 0.755","spike0=15 spike1=15 spike2=15 spike3=15","1.059, 1.255, 0.893, 1.798","9.387, 11.894, 12.985, 13.641","/home/v71349/analog-gradients/results/neuro_tile4_coupled/sweeps/20260202_215026/rfb_1500_rleak_5M/neuro_tile4_coupled.raw","/home/v71349/analog-gradients/results/neuro_tile4_coupled/sweeps/20260202_215026/rfb_1500_rleak_5M/neuro_tile4_coupled_test.txt","/home/v71349/analog-gradients/results/neuro_tile4_coupled/sweeps/20260202_215026/rfb_1500_rleak_5M/spectre.log","/home/v71349/analog-gradients/results/neuro_tile4_coupled/sweeps/20260202_215026/rfb_1500_rleak_5M/ocean.log"
20260202_215026,rfb_1500_rleak_6M,1500,6M,PASS,100p,"0.634, 0.970, 1.183, 0.756","spike0=15 spike1=15 spike2=15 spike3=15","1.059, 1.256, 0.893, 1.798","9.387, 11.894, 12.985, 13.641","/home/v71349/analog-gradients/results/neuro_tile4_coupled/sweeps/20260202_215026/rfb_1500_rleak_6M/neuro_tile4_coupled.raw","/home/v71349/analog-gradients/results/neuro_tile4_coupled/sweeps/20260202_215026/rfb_1500_rleak_6M/neuro_tile4_coupled_test.txt","/home/v71349/analog-gradients/results/neuro_tile4_coupled/sweeps/20260202_215026/rfb_1500_rleak_6M/spectre.log","/home/v71349/analog-gradients/results/neuro_tile4_coupled/sweeps/20260202_215026/rfb_1500_rleak_6M/ocean.log"
20260202_215026,rfb_1500_rleak_7M,1500,7M,PASS,100p,"0.634, 0.970, 1.184, 0.756","spike0=15 spike1=15 spike2=15 spike3=15","1.060, 1.256, 0.893, 1.798","9.388, 11.895, 12.985, 13.640","/home/v71349/analog-gradients/results/neuro_tile4_coupled/sweeps/20260202_215026/rfb_1500_rleak_7M/neuro_tile4_coupled.raw","/home/v71349/analog-gradients/results/neuro_tile4_coupled/sweeps/20260202_215026/rfb_1500_rleak_7M/neuro_tile4_coupled_test.txt","/home/v71349/analog-gradients/results/neuro_tile4_coupled/sweeps/20260202_215026/rfb_1500_rleak_7M/spectre.log","/home/v71349/analog-gradients/results/neuro_tile4_coupled/sweeps/20260202_215026/rfb_1500_rleak_7M/ocean.log"
20260202_215026,rfb_1500_rleak_8M,1500,8M,PASS,100p,"0.634, 0.970, 1.184, 0.756","spike0=15 spike1=15 spike2=15 spike3=15","1.060, 1.256, 0.893, 1.798","9.388, 11.895, 12.985, 13.640","/home/v71349/analog-gradients/results/neuro_tile4_coupled/sweeps/20260202_215026/rfb_1500_rleak_8M/neuro_tile4_coupled.raw","/home/v71349/analog-gradients/results/neuro_tile4_coupled/sweeps/20260202_215026/rfb_1500_rleak_8M/neuro_tile4_coupled_test.txt","/home/v71349/analog-gradients/results/neuro_tile4_coupled/sweeps/20260202_215026/rfb_1500_rleak_8M/spectre.log","/home/v71349/analog-gradients/results/neuro_tile4_coupled/sweeps/20260202_215026/rfb_1500_rleak_8M/ocean.log"
20260202_215026,rfb_1500_rleak_9M,1500,9M,PASS,100p,"0.635, 0.970, 1.184, 0.756","spike0=15 spike1=15 spike2=15 spike3=15","1.060, 1.257, 0.893, 1.798","9.388, 11.895, 12.985, 13.640","/home/v71349/analog-gradients/results/neuro_tile4_coupled/sweeps/20260202_215026/rfb_1500_rleak_9M/neuro_tile4_coupled.raw","/home/v71349/analog-gradients/results/neuro_tile4_coupled/sweeps/20260202_215026/rfb_1500_rleak_9M/neuro_tile4_coupled_test.txt","/home/v71349/analog-gradients/results/neuro_tile4_coupled/sweeps/20260202_215026/rfb_1500_rleak_9M/spectre.log","/home/v71349/analog-gradients/results/neuro_tile4_coupled/sweeps/20260202_215026/rfb_1500_rleak_9M/ocean.log"
20260202_215026,rfb_1500_rleak_10M,1500,10M,PASS,100p,"0.635, 0.971, 1.184, 0.756","spike0=15 spike1=15 spike2=15 spike3=15","1.060, 1.257, 0.893, 1.798","9.388, 11.895, 12.985, 13.640","/home/v71349/analog-gradients/results/neuro_tile4_coupled/sweeps/20260202_215026/rfb_1500_rleak_10M/neuro_tile4_coupled.raw","/home/v71349/analog-gradients/results/neuro_tile4_coupled/sweeps/20260202_215026/rfb_1500_rleak_10M/neuro_tile4_coupled_test.txt","/home/v71349/analog-gradients/results/neuro_tile4_coupled/sweeps/20260202_215026/rfb_1500_rleak_10M/spectre.log","/home/v71349/analog-gradients/results/neuro_tile4_coupled/sweeps/20260202_215026/rfb_1500_rleak_10M/ocean.log"
20260202_215026,rfb_1500_rleak_12M,1500,12M,PASS,100p,"0.635, 0.971, 1.184, 0.756","spike0=15 spike1=15 spike2=15 spike3=15","1.060, 1.257, 0.893, 1.798","9.388, 11.896, 12.985, 13.640","/home/v71349/analog-gradients/results/neuro_tile4_coupled/sweeps/20260202_215026/rfb_1500_rleak_12M/neuro_tile4_coupled.raw","/home/v71349/analog-gradients/results/neuro_tile4_coupled/sweeps/20260202_215026/rfb_1500_rleak_12M/neuro_tile4_coupled_test.txt","/home/v71349/analog-gradients/results/neuro_tile4_coupled/sweeps/20260202_215026/rfb_1500_rleak_12M/spectre.log","/home/v71349/analog-gradients/results/neuro_tile4_coupled/sweeps/20260202_215026/rfb_1500_rleak_12M/ocean.log"
